TIPO;RESOLUCIÓN ;CONVENIO ;FECHA DE SUSCRIPCIÓN ;DURACIÓN;Enlace para descargar el convenio 
NACIONAL;043.CP.2024;CONVENIO DE COOPERACIÓN INTERINSTITUCIONAL ENTRE EL INSTITUTO SUPERIOR TECNOLÓGICO RIOBAMBA Y LA ESCUELA SUPERIOR POLITÉCNICA DE CHIMBORAZO PARA ESTABLECER MECANISMOS DE COORDINACIÓN, INTERACCIÓN, COOPERACIÓN Y RECIPROCIDAD ENTRE LAS DOS INSTITUCIONES, PROMOVIENDO LA REALIZACIÓN DE ACTIVIDADES DE INTERÉS Y BENEFICIO MUTUO A TRAVÉS DE OBLIGACIONES CONJUNTAS, CON EL PROPÓSITO DE DESARROLLAR ACTIVIDADES QUE PERMITAN AMPLIAR CONOCIMIENTOS E IMPULSAR LA FORMACIÓN DE ESTUDIANTES DE LOS INSTITUTOS TÉCNICOS Y TECNOLÓGICOS DENTRO DEL ÁMBITO DE COMPETENCIA TANTO DEL INSTITUTO COMO DE LA COOPERANTE. RUC: 0660001250001;"23/02/2024



";5 AÑOS;https://liveespochedu-my.sharepoint.com/:f:/g/personal/vinculacion_convenios_espoch_edu_ec/EtCQybPKj3RFovTOJYoz0IIB3EgeigSsAcJmCyomK6-EqA?e=9hYYFr
INTERNACIONAL;044.CP.2024;ACUERDO DE PARTICIPACIÓN EN EL PROGRAMA GUNI INTERNATIONAL CALL TO ACTION;"01/01/2024





";3 AÑOS;https://liveespochedu-my.sharepoint.com/:f:/g/personal/vinculacion_convenios_espoch_edu_ec/EtCQybPKj3RFovTOJYoz0IIB3EgeigSsAcJmCyomK6-EqA?e=9hYYFr
NACIONAL;068.CP.2024;CONVENIO ESPECÍFICO DE COOPERACIÓN INTERINSTITUCIONAL PARA EL DESARROLLO DE PRÁCTICAS PRE PROFESIONALES ENTRE LA ESCUELA SUPERIOR POLITÉCNICA DE CHIMBORAZO Y TELCOMEXPERT EXPERTOS EN TELECOMUNICACIONES S.A.;"13-05-2024








";2 AÑOS;https://liveespochedu-my.sharepoint.com/:f:/g/personal/vinculacion_convenios_espoch_edu_ec/EtCQybPKj3RFovTOJYoz0IIB3EgeigSsAcJmCyomK6-EqA?e=9hYYFr
NACIONAL;084.CP.2024;CONVENIO ESPECÍFICO DE COOPERACIÓN INTERINSTITUCIONAL ENTRE LA EMPRESA C&V INGENIERÍA CÍA. LTDA. Y LA ESCUELA SUPERIOR POLITÉCNICA DE CHIMBORAZO;"31-05-2024








";5 AÑOS;https://liveespochedu-my.sharepoint.com/:f:/g/personal/vinculacion_convenios_espoch_edu_ec/EtCQybPKj3RFovTOJYoz0IIB3EgeigSsAcJmCyomK6-EqA?e=9hYYFr
NACIONAL;086.CP.2024;CONVENIO MARCO DE COOPERACIÓN INTERINSTITUCIONAL ENTRE LA ESCUELA SUPERIOR POLITÉCNICA DE CHIMBORAZO, EL CENTRO DE TURISMO COMUNITARIO LA MOYA Y OPERADORA DE VIAJES EQUATUR”;"12-06-2024









";4 AÑOS;https://liveespochedu-my.sharepoint.com/:f:/g/personal/vinculacion_convenios_espoch_edu_ec/EtCQybPKj3RFovTOJYoz0IIB3EgeigSsAcJmCyomK6-EqA?e=9hYYFr
NACIONAL;087.CP.2024;CONVENIO MARCO DE COOPERACIÓN INTERINSTITUCIONAL ENTRE EL GOBIERNO AUTÓNOMO DESCENTRALIZADO MUNICIPAL DEL CANTÓN LOGROÑO Y LA ESCUELA SUPERIOR POLITÉCNICA DE CHIMBORAZO”;"08-04-2024










";5 AÑOS;https://liveespochedu-my.sharepoint.com/:f:/g/personal/vinculacion_convenios_espoch_edu_ec/EtCQybPKj3RFovTOJYoz0IIB3EgeigSsAcJmCyomK6-EqA?e=9hYYFr
INTERNACIONAL;114.CP.2024;MEMORANDO DE ENTENDIMIENTO (MOU) ENTRE LA ESCUELA SUPERIOR POLITÉCNICA DE CHIMBORAZO EN RIOBAMBA, ECUADOR, Y LA JUNTA DE FIDUCIARIOS DE LA FLORIDA ATLANTIC EN BOCA RATON, FLORIDA, EE. UU.;"20-02-2024







";3 AÑOS;https://liveespochedu-my.sharepoint.com/:f:/g/personal/vinculacion_convenios_espoch_edu_ec/EtCQybPKj3RFovTOJYoz0IIB3EgeigSsAcJmCyomK6-EqA?e=9hYYFr
INTERNACIONAL;141.CP.2024;CONVENIO DE COLABORACIÓN ENTRE ESCUELA SUPERIOR POLITÉCNICA DE CHIMBORAZO, ECUADOR Y UNIVERSIDAD DE SANTIAGO DE CHILE, CHILE;"20-03-2024








";5 AÑOS;https://liveespochedu-my.sharepoint.com/:f:/g/personal/vinculacion_convenios_espoch_edu_ec/EtCQybPKj3RFovTOJYoz0IIB3EgeigSsAcJmCyomK6-EqA?e=9hYYFr
NACIONAL;156.CP.2024;CONVENIO ESPECÍFICO DE COOPERACIÓN INTERINSTITUCIONAL ENTRE CA. ECUATORIANA DE CERÁMICA Y LA ESCUELA SUPERIOR POLITÉCNICA DE CHIMBORAZO, PARA FORTALECER LA FORMACIÓN ACADÉMICA DE LOS ESTUDIANTES DE LA CARRERA DE INGENIERÍA QUÍMICA MEDIANTE LA REALIZACIÓN DE PRÁCTICAS PRE PROFESIONALES Y TRABAJOS DE TITULACIÓN;"22-03-2024









";5 AÑOS;https://liveespochedu-my.sharepoint.com/:f:/g/personal/vinculacion_convenios_espoch_edu_ec/EtCQybPKj3RFovTOJYoz0IIB3EgeigSsAcJmCyomK6-EqA?e=9hYYFr
NACIONAL;157.CP.2024;CONVENIO ESPECÍFICO DE COOPERACIÓN INTERINSTITUCIONAL ENTRE LA ESCUELA SUPERIOR POLITÉCNICA DE CHIMBORAZO Y EL GAD DEL MUNICIPIO DE RIOBAMBA PARA LA EJECUCIÓN DEL PROYECTO DE INVESTIGACIÓN;"21-03-2024




";5 AÑOS;https://liveespochedu-my.sharepoint.com/:f:/g/personal/vinculacion_convenios_espoch_edu_ec/EtCQybPKj3RFovTOJYoz0IIB3EgeigSsAcJmCyomK6-EqA?e=9hYYFr
NACIONAL;159.CP.2024;CONVENIO ESPECÍFICO DE COOPERACIÓN INTERINSTITUCIONAL ENTRE LA ESCUELA SUPERIOR POLITÉCNICA DE CHIMBORAZO Y LA UNIVERSIDAD DE VALENCIA para la ejecución del proyecto de investigación “APPLYING NEW METHODOLOGIES BASED ON REMOTE SENSING AND ENVIRONMENTAL MODELING TO ASSESSMENT THE EUTROPHICATION STATE OF LAKES AND LAGOONS IN THE INTER-ANDEAN REGION OF ECUADOR;"08-05-2024









";3 AÑOS;https://liveespochedu-my.sharepoint.com/:f:/g/personal/vinculacion_convenios_espoch_edu_ec/EtCQybPKj3RFovTOJYoz0IIB3EgeigSsAcJmCyomK6-EqA?e=9hYYFr
NACIONAL;166.CP.2024;CONVENIO DE COOPERACIÓN ACADÉMICA Y CULTURAL ENTRE LA ESCUELA SUPERIOR POLITÉCNICA DE CHIMBORAZO (ESPOCH) Y LA SOCIETÁ DANTE ALIGHIERI – COMITATO DE QUITO;"13-03-2024









";3 AÑOS;https://liveespochedu-my.sharepoint.com/:f:/g/personal/vinculacion_convenios_espoch_edu_ec/EtCQybPKj3RFovTOJYoz0IIB3EgeigSsAcJmCyomK6-EqA?e=9hYYFr
NACIONAL;180.CP.2024;CONVENIO ESPECÍFICO DE COOPERACIÓN INTERINSTITUCIONAL ENTRE LA ESCUELA SUPERIOR POLITÉCNICA DE CHIMBORAZO Y LAKEHEAD UNIVERSITY PARA LA EJECUCIÓN DEL PROYECTO DE INVESTIGACIÓN “CARACTERIZACIÓN MOLECULAR DE MICROORGANISMOS ASOCIADOS A LA RIZOSFERA DE CULTIVOS DE IMPORTANCIA ECONÓMICA, COMO INDICADORES DE LA SALUD DEL SUELO Y PRODUCTIVIDAD;"02-05-2024








";3 AÑOS;https://liveespochedu-my.sharepoint.com/:f:/g/personal/vinculacion_convenios_espoch_edu_ec/EtCQybPKj3RFovTOJYoz0IIB3EgeigSsAcJmCyomK6-EqA?e=9hYYFr
NACIONAL;182.CP.2024;CONVENIO DE COOPERACIÓN INTERINSTITUCIONAL ENTRE LA ESCUELA SUPERIOR POLITÉCNICA DE CHIMBORAZO Y EL CONSORCIO CAMAREN-FORO NACIONAL DE RECURSOS HÍDRICOS;"08-05-2024








";2 AÑOS;https://liveespochedu-my.sharepoint.com/:f:/g/personal/vinculacion_convenios_espoch_edu_ec/EtCQybPKj3RFovTOJYoz0IIB3EgeigSsAcJmCyomK6-EqA?e=9hYYFr
INTERNACIONAL;183.CP.2024;CONVENIO ESPECÍFICO DE COOPERACIÓN INTERNACIONAL E INTERINSTITUCIONAL ENTRE LA RED ESPAÑOLA DE UNIVERSIDADES PROMOTORAS DE LA SALUD (REUPS), LA RED IBEROAMERICANA DE UNIVERSIDADES PROMOTORAS DE LA SALUD (RIUPS) Y LA ESCUELA SUPERIOR POLITÉCNICA DE CHIMBORAZO (ESPOCH), PARA LA EJECUCIÓN DEL PROYECTO DE INVESTIGACIÓN “VALIDACIÓN DE UN CUESTIONARIO GLOBAL SOBRE SALUD Y EJECUCIÓN DE UN ESTUDIO EPIDEMIOLÓGICO EN ESTUDIANTES UNIVERSITARIOS;"27-03-2024







";3 AÑOS;https://liveespochedu-my.sharepoint.com/:f:/g/personal/vinculacion_convenios_espoch_edu_ec/EtCQybPKj3RFovTOJYoz0IIB3EgeigSsAcJmCyomK6-EqA?e=9hYYFr
NACIONAL;184.CP.2024;CONVENIO ESPECÍFICO DE COOPERACIÓN INTERINSTITUCIONAL ENTRE LA ESCUELA SUPERIOR POLITÉCNICA DE CHIMBORAZO Y GOBIERNO AUTÓNOMO DESCENTRALIZADO MUNICIPAL DE LORETO;"15-05-2024







";3 AÑOS;https://liveespochedu-my.sharepoint.com/:f:/g/personal/vinculacion_convenios_espoch_edu_ec/EtCQybPKj3RFovTOJYoz0IIB3EgeigSsAcJmCyomK6-EqA?e=9hYYFr
NACIONAL;185.CP.2024;CONVENIO ESPECÍFICO DE COOPERACIÓN INTERINSTITUCIONAL ENTRE LA ASOCIACIÓN DE FÚTBOL NO AFICIONADO DE CHIMBORAZO Y LA ESCUELA SUPERIOR POLITÉCNICA DE CHIMBORAZO, PARA FORTALECER LA FORMACIÓN ACADÉMICA DE LOS ESTUDIANTES DE GRADO Y POSGRADO MEDIANTE LA REALIZACIÓN DE PRÁCTICAS PRE PROFESIONALES Y PROFESIONALES;"08-05-2024









";3 AÑOS;https://liveespochedu-my.sharepoint.com/:f:/g/personal/vinculacion_convenios_espoch_edu_ec/EtCQybPKj3RFovTOJYoz0IIB3EgeigSsAcJmCyomK6-EqA?e=9hYYFr
NACIONAL;187.CP.2024;CONVENIO MARCO DE COOPERACIÓN INTERINSTITUCIONAL ENTRE EL INSTITUTO SUPERIOR TECNOLÓGICO TUNGURAHUA Y LA ESCUELA SUPERIOR POLITÉCNICA DE CHIMBORAZO PARA ESTABLECER MECANISMOS DE COORDINACIÓN, INTERACCIÓN, COOPERACIÓN Y RECIPROCIDAD ENTRE LAS DOS INSTITUCIONES, PROMOVIENDO LA REALIZACIÓN DE ACTIVIDADES DE INTERÉS Y BENEFICIO MUTUO A TRAVÉS DE OBLIGACIONES CONJUNTAS, CON EL PROPÓSITO DE DESARROLLAR ACTIVIDADES QUE PERMITAN AMPLIAR CONOCIMIENTOS E IMPULSAR LA FORMACIÓN DE ESTUDIANTES DE LOS INSTITUTOS TÉCNICOS Y TECNOLÓGICOS DENTRO DEL ÁMBITO DE COMPETENCIA TANTO DEL INSTITUTO COMO DE LA COOPERANTE;"13/05/2024

";5 AÑOS;https://liveespochedu-my.sharepoint.com/:f:/g/personal/vinculacion_convenios_espoch_edu_ec/EtCQybPKj3RFovTOJYoz0IIB3EgeigSsAcJmCyomK6-EqA?e=9hYYFr
NACIONAL;188.CP.2024;CONVENIO ESPECÍFICO DE COOPERACIÓN INTERINSTITUCIONAL ENTRE LA ESCUELA SUPERIOR POLITÉCNICA DE CHIMBORAZO Y LA EMPRESA EXIBAL CÍA. LTDA. PARA LA EJECUCIÓN DEL PROYECTO DE INVESTIGACIÓN “DETERMINACIÓN DE LA EFICIENCIA ALIMENTARIA EN BASE AL CONSUMO RESIDUAL DE ALIMENTO (RFI) EN GANADO LECHERO;"13/04/2024




";3 AÑOS;https://liveespochedu-my.sharepoint.com/:f:/g/personal/vinculacion_convenios_espoch_edu_ec/EtCQybPKj3RFovTOJYoz0IIB3EgeigSsAcJmCyomK6-EqA?e=9hYYFr
NACIONAL;189.CP.2024;CONVENIO ESPECÍFICO DE COOPERACIÓN INTERINSTITUCIONAL PARA LAS PRÁCTICAS DE FORMACIÓN ACADÉMICA ENTRE LA COORDINACIÓN ZONAL 3 DE SALUD Y LA ESCUELA SUPERIOR POLITÉCNICA DEL CHIMBORAZO DE LA CARRERA DE MEDICINA;"30/04/2024




";3 AÑOS;https://liveespochedu-my.sharepoint.com/:f:/g/personal/vinculacion_convenios_espoch_edu_ec/EtCQybPKj3RFovTOJYoz0IIB3EgeigSsAcJmCyomK6-EqA?e=9hYYFr
NACIONAL;211.CP.2024;"CONVENIO ESPECÍFICO DE COOPERACIÓN INTERINSTITUCIONAL ENTRE LA ESPOCH Y LA PASTORAL SOCIAL CÁRITAS DE RIOBAMBA, PARA LA EJECUCIÓN DEL PROYECTO DE VINCULACIÓN ""BANCO DE ALIMENTOS RIOBAMBA";"02-07-2024









";2 AÑOS ;https://liveespochedu-my.sharepoint.com/:f:/g/personal/vinculacion_convenios_espoch_edu_ec/EtCQybPKj3RFovTOJYoz0IIB3EgeigSsAcJmCyomK6-EqA?e=9hYYFr
NACIONAL;230.CP.2024;CONVENIO ESPECÍFICO DE COOPERACIÓN INTERINSTITUCIONAL ENTRE LA ESCUELA SUPERIOR POLITÉCNICA DE CHIMBORAZO ESPOCH Y BIOMATEK S.A.S. PARA LA EJECUCIÓN DEL PROYECTO DE INVESTIGACIÓN “UN MODELO DE ECOLOGÍA INDUSTRIAL EN LA ESTACIÓN EXPERIMENTAL TUNSHI PARA LA VALORIZACIÓN DE RESIDUOS AGRÍCOLAS EN LA PRODUCCIÓN DE HONGOS COMESTIBLES;"16/05/2024

";3 AÑOS;https://liveespochedu-my.sharepoint.com/:f:/g/personal/vinculacion_convenios_espoch_edu_ec/EtCQybPKj3RFovTOJYoz0IIB3EgeigSsAcJmCyomK6-EqA?e=9hYYFr
NACIONAL;260.CP.2024;CONVENIO ESPECÍFICO ENTRE LA UNIVERSIDAD DE ANTIOQUIA, FACULTAD DE INGENIERÍA (COLOMBIA) Y LA ESCUELA SUPERIOR POLITÉCNICA DE CHIMBORAZO (ESPOCH), FACULTAD DE MECÁNICA (ECUADOR);"12/06/2024




";5 AÑOS;https://liveespochedu-my.sharepoint.com/:f:/g/personal/vinculacion_convenios_espoch_edu_ec/EtCQybPKj3RFovTOJYoz0IIB3EgeigSsAcJmCyomK6-EqA?e=9hYYFr
NACIONAL;264.CP.2024;CONVENIO MARCO DE COOPERACIÓN INTERINSTITUCIONAL ENTRE FEDEPAL CHIMBORAZO Y LA ESCUELA SUPERIOR POLITÉCNICA DE CHIMBORAZO;"23/07/2024



";2 AÑOS;https://liveespochedu-my.sharepoint.com/:f:/g/personal/vinculacion_convenios_espoch_edu_ec/EtCQybPKj3RFovTOJYoz0IIB3EgeigSsAcJmCyomK6-EqA?e=9hYYFr
NACIONAL;265.CP.2024;CONVENIO MARCO DE COOPERACIÓN INTERINSTITUCIONAL ENTRE LA FUNDACIÓN OPERACIÓN SONRISA ECUADOR Y LA ESCUELA SUPERIOR POLITÉCNICA DE CHIMBORAZO;"05/06/2024




";5 AÑOS;https://liveespochedu-my.sharepoint.com/:f:/g/personal/vinculacion_convenios_espoch_edu_ec/EtCQybPKj3RFovTOJYoz0IIB3EgeigSsAcJmCyomK6-EqA?e=9hYYFr
NACIONAL;266.CP.2024;CONVENIO MARCO DE COOPERACIÓN INTERINSTITUCIONAL ENTRE LA ESCUELA SUPERIOR POLITÉCNICA DE CHIMBORAZO Y NOVA ENGLISH ACADEMY;"08/05/2024



";3 AÑOS;https://liveespochedu-my.sharepoint.com/:f:/g/personal/vinculacion_convenios_espoch_edu_ec/EtCQybPKj3RFovTOJYoz0IIB3EgeigSsAcJmCyomK6-EqA?e=9hYYFr
NACIONAL;287.CP.2024;"""CONVENIO ESPECÍFICO DE COOPERACIÓN INTERINSTITUCIONAL PARA EL ASESORAMIENTO Y CAPACITACIÓN DE LOS PROCESOS DE ACREDITACIÓN INTERNACIONAL DE CARRERAS Y PROGRAMAS ENTRE LA ESCUELA SUPERIOR POLITÉCNICA DE CHIMBORAZO Y LA ESCUELA SUPERIOR POLITÉCNICA DEL LITORAL";"02-05-2024







";3 AÑOS;https://liveespochedu-my.sharepoint.com/:f:/g/personal/vinculacion_convenios_espoch_edu_ec/EtCQybPKj3RFovTOJYoz0IIB3EgeigSsAcJmCyomK6-EqA?e=9hYYFr
NACIONAL;311.CP.2024;CONVENIO ESPECÍFICO DE COOPERACIÓN INTERINSTITUCIONAL ENTRE LA COMPAÑÍA RIOBAMBA BREWING CO. RBCO S.A.S Y LA ESCUELA SUPERIOR POLITÉCNICA DE CHIMBORAZO, PARA FORTALECER LA FORMACIÓN ACADÉMICA DE LOS ESTUDIANTES DE LA CARRERA DE INGENIERÍA QUÍMICA MEDIANTE LA REALIZACIÓN DE PRÁCTICAS PRE PROFESIONALES Y TRABAJOS DE TITULACIÓN;"11/07/2024



";5 AÑOS;https://liveespochedu-my.sharepoint.com/:f:/g/personal/vinculacion_convenios_espoch_edu_ec/EtCQybPKj3RFovTOJYoz0IIB3EgeigSsAcJmCyomK6-EqA?e=9hYYFr
NACIONAL;321.CP.2024;CONVENIO ENTRE LA ESPOCH Y LA UNIVERSIDAD ANDINA SIMÓN BOLÍVAR PARA LA EJECUCIÓN DEL PROYECTO DE INVESTIGACIÓN “PROBLEMAS CRÍTICOS, OPORTUNIDADES Y BUENAS PRÁCTICAS PARA PREVENIR Y RESPONDER A LA VIOLENCIA DE GÉNERO EN LA COMUNIDAD UNIVERSITARIA EN ECUADOR;"10/06/2024





";3 AÑOS;https://liveespochedu-my.sharepoint.com/:f:/g/personal/vinculacion_convenios_espoch_edu_ec/EtCQybPKj3RFovTOJYoz0IIB3EgeigSsAcJmCyomK6-EqA?e=9hYYFr
INTERNACIONAL;322.CP.2024;“ACUERDO DE COOPERACIOÌN INTERNACIONAL ENTRE LA ESCUELA SUPERIOR POLITÉCNICA DE CHIMBORAZO Y LA UNIVERSIDAD DE WEST VIRGINIA;"7/06/2024




";5 AÑOS;https://liveespochedu-my.sharepoint.com/:f:/g/personal/vinculacion_convenios_espoch_edu_ec/EtCQybPKj3RFovTOJYoz0IIB3EgeigSsAcJmCyomK6-EqA?e=9hYYFr
NACIONAL;334.CP.2024;“Convenio de Colaboración entre la Fundación Ayuda en Acción con la Escuela Superior Politécnica de Chimborazo-ESPOCH (en el marco del Contrato de Subvención NDICI LA/2023/453-114 financiado por Unión Europea);"28-05-2024







";40 MESES;https://liveespochedu-my.sharepoint.com/:f:/g/personal/vinculacion_convenios_espoch_edu_ec/EtCQybPKj3RFovTOJYoz0IIB3EgeigSsAcJmCyomK6-EqA?e=9hYYFr
NACIONAL;350.CP.2024;CONVENIO MARCO DE COOPERACIÓN INTERINSTITUCIONAL ENTRE LA FUNDACIÓN CIUDADANAS DEL MUNDO Y LA ESCUELA SUPERIOR POLITÉCNICA DE CHIMBORAZO”;"10-07-2024









";5 AÑOS;https://liveespochedu-my.sharepoint.com/:f:/g/personal/vinculacion_convenios_espoch_edu_ec/EtCQybPKj3RFovTOJYoz0IIB3EgeigSsAcJmCyomK6-EqA?e=9hYYFr
NACIONAL;354.CP.2024;CONVENIO ESPECÍFICO DE COOPERACIÓN INTERINSTITUCIONAL ENTRE LA ESCUELA SUPERIOR POLITÉCNICA DE CHIMBORAZO Y LA UNIVERSIDAD TÉCNICA DE MANABÍ, PARA LA EJECUCIÓN DEL PROYECTO DE INVESTIGACIÓN “EVALUACIÓN DE LOS GLACIARES ANDINOS EN LOS VOLCANES CHIMBORAZO Y CARIHUAIRAZO, Y SU IMPACTO AMBIENTAL, SOCIAL Y CULTURAL, MEDIANTE ANÁLISIS MULTIVARIANTE.;"28-06-2024










";4 AÑOS;https://liveespochedu-my.sharepoint.com/:f:/g/personal/vinculacion_convenios_espoch_edu_ec/EtCQybPKj3RFovTOJYoz0IIB3EgeigSsAcJmCyomK6-EqA?e=9hYYFr
NACIONAL;355.CP.2024;CONVENIO MARCO DE COOPERACIÓN INTERINSTITUCIONAL ENTRE LA ESCUELA SUPERIOR POLITÉCNICA DEL CHIMBORAZO ESPOCH Y EL GOBIERNO AUTÓNOMO DESCENTRALIZADO PARROQUIAL RURAL DE PUNGALÁ;"18-06-2024









";2 AÑOS;https://liveespochedu-my.sharepoint.com/:f:/g/personal/vinculacion_convenios_espoch_edu_ec/EtCQybPKj3RFovTOJYoz0IIB3EgeigSsAcJmCyomK6-EqA?e=9hYYFr
NACIONAL;376.CP.2024;CONVENIO MARCO DE COOPERACIÓN INTERINSTITUCIONAL  ENTRE EL GOBIERNO AUTÓNOMO DECENTRALIZADO DEL CANTÓN PENIPE Y LA ESCUELA SUPERIOR POLITÉCNICA DE CHIMBORAZO;"01-07-2024








";5 AÑOS;https://liveespochedu-my.sharepoint.com/:f:/g/personal/vinculacion_convenios_espoch_edu_ec/EtCQybPKj3RFovTOJYoz0IIB3EgeigSsAcJmCyomK6-EqA?e=9hYYFr
NACIONAL;381.CP.2024;CONVENIO MARCO DE COOPERACION INTERINSTITUCIONAL ENTRE EL CONSEJO NACIONAL DE GOBIERNOS PARROQUIALES RURALES DE CHIMBORAZO Y LA ESCUELA SUPERIOR POLITÉCNICA DE CHIMBORAZO;"10-07-2024







";5 AÑOS;https://liveespochedu-my.sharepoint.com/:f:/g/personal/vinculacion_convenios_espoch_edu_ec/EtCQybPKj3RFovTOJYoz0IIB3EgeigSsAcJmCyomK6-EqA?e=9hYYFr
NACIONAL;397.CP.2024;"CONVENIO DE TRANSFERENCIA DE RECURSOS ENTRE EL FONDO DE INVESTIGACIÓN PARA LA AGROBIODIVERSIDAD, SEMILLAS Y AGRICULTURA SUSTENTABLE -FIASA Y LA ESCUELA SUPERIOR POLITÉCNICA DE CHIMBORAZO PARA LA EJECUCIÓN DEL PROYECTO “MICROBIOMA COMO ESTRATEGIA PARA MITIGAR FUTURAS PANDEMIAS VEGETALES, BUSCANDO UN MECANISMO DE RESILIENCIA EN PAPA Y MAIZ AL CAMBIO CLIMÁTICO EN LA PROVINCIA DEL
CHIMBORAZO";"19-06-2024







";3 AÑOS;https://liveespochedu-my.sharepoint.com/:f:/g/personal/vinculacion_convenios_espoch_edu_ec/EtCQybPKj3RFovTOJYoz0IIB3EgeigSsAcJmCyomK6-EqA?e=9hYYFr
INTERNACIONAL;411.CP.2024;CONVENIO ESPECÍFICO DE COOPERACIÓN INTERINSTITUCIONAL ENTRE LA ESCUELA SUPERIOR POLITÉCNICA DE CHIMBORAZO Y LAKEHEAD UNIVERSITY PARA LA EJECUCIÓN DEL PROYECTO DE INVESTIGACIÓN “RADIOACTIVIDAD NATURAL, PATRONES MAGNÉTICOS, EXPLORACIÓN DE VOLCANES NO ESTUDIADOS Y CORRELACIONES CON LA GEOLOGÍA DEL ECUADOR;"29/07/2024



";2 AÑOS Y 8 MESES;https://liveespochedu-my.sharepoint.com/:f:/g/personal/vinculacion_convenios_espoch_edu_ec/EtCQybPKj3RFovTOJYoz0IIB3EgeigSsAcJmCyomK6-EqA?e=9hYYFr
INTERNACIONAL;436.CP.2024;CONVENIO ESPECÍFICO DE COOPERACIÓN INTERINSTITUCIONAL ENTRE LA ESCUELA SUPERIOR POLITÉCNICA DE CHIMBORAZO Y LAKEHEAD UNIVERSITY PARA LA EJECUCIÓN DEL PROYECTO DE INVESTIGACIÓN “MODELO INTEGRADOR NBS APLICADO A SISTEMAS AGROECOLÓGICOS, COMO MECANISMO DE EVALUACIÓN DE CARBONO NEUTRO EN ECOSISTEMAS DEL ECUADOR;"29/07/2024
";3 AÑOS;https://liveespochedu-my.sharepoint.com/:f:/g/personal/vinculacion_convenios_espoch_edu_ec/EtCQybPKj3RFovTOJYoz0IIB3EgeigSsAcJmCyomK6-EqA?e=9hYYFr
NACIONAL;634.CP.2024;CONVENIO ESPECÍFICO DE COOPERACIÓN INTERINSTITUCIONAL ENTRE LA ESCUELA SUPERIOR POLITÉCNICA DE CHIMBORAZO Y LA ESCUELA SUPERIOR POLITÉCNICA DEL LITORAL PARA LA EJECUCIÓN DEL PROYECTO DE INVESTIGACIÓN: “ADVANCING CAMOUFLAGED OBJECT DETECTION WITH A COST EFFECTIVE CROSS-SPECTRAL VISION SYSTEM (ACOD-CS)”;22/11/2024;4 AÑOS;https://liveespochedu-my.sharepoint.com/:f:/g/personal/vinculacion_convenios_espoch_edu_ec/EtCQybPKj3RFovTOJYoz0IIB3EgeigSsAcJmCyomK6-EqA?e=9hYYFr
NACIONAL;020.CP.2023;CONVENIO ESPECÍFICO DE COOPERACIÓN INTERINSTITUCIONAL ENTRE LA ESCUELA SUPERIOR POLITÉCNICA DE CHIMBORAZO y LA ESCUELA POLITÉCNICA NACIONAL, (EPN) PARA FORTALECER LA FORMACIÓN ACADÉMICA DE LOS ESTUDIANTES MEDIANTE LA REALIZACIÓN DE PRÁCTICAS PRE PROFESIONALES;"30-01-2023








";5 AÑOS;https://liveespochedu-my.sharepoint.com/:f:/g/personal/vinculacion_convenios_espoch_edu_ec/EtCQybPKj3RFovTOJYoz0IIB3EgeigSsAcJmCyomK6-EqA?e=9hYYFr
NACIONAL;022.CP.2023;CONVENIO MARCO DE COOPERACIÓN INTERINSTITUCIONAL ENTRE LA ESCUELA SUPERIOR POLITÉCNICA DE CHIMBORAZO “ESPOCH” Y LA UNIVERSIDAD NACIONAL DE COLOMBIA;"02/08/2023



";5 AÑOS;https://liveespochedu-my.sharepoint.com/:f:/g/personal/vinculacion_convenios_espoch_edu_ec/EtCQybPKj3RFovTOJYoz0IIB3EgeigSsAcJmCyomK6-EqA?e=9hYYFr
NACIONAL;027.CP.2023;"CONVENIO ESPECIFICO DE COOPERACIÓN INTERINSTITUCIONAL ENTRE LA ESCUELA SUPERIOR POLITÉCNICA DE CHIMBORAZO ""ESPOCH""; EL GOBIERNO AUTÓNOMO DESCENTRALIZADO MUNICIPAL DEL CANTÓN RIOBAMBA Y LA CÁMARA DE OPERADORAS INDEPENDIENTES DE TAXIS DE LA CIUDAD DE RIOBAMBA COPITAR";"11/01/2023



";5 AÑOS;https://liveespochedu-my.sharepoint.com/:f:/g/personal/vinculacion_convenios_espoch_edu_ec/EtCQybPKj3RFovTOJYoz0IIB3EgeigSsAcJmCyomK6-EqA?e=9hYYFr
INTERNACIONAL;048.CP.2023;CONVENIO GENERAL DE COLABORACIÓN ACADÉMICA ENTRE UNIVERSIDAD DE GUADALAJARA Y ESCUELA SUPERIOR POLITÉCNICA DE CHIMBORAZO;"12-04-2023







";5 AÑOS;https://liveespochedu-my.sharepoint.com/:f:/g/personal/vinculacion_convenios_espoch_edu_ec/EtCQybPKj3RFovTOJYoz0IIB3EgeigSsAcJmCyomK6-EqA?e=9hYYFr
INTERNACIONAL;101.CP.2023;"MEMORANDO DE ENTENDIMIENTO ENTRE EL POLITEÌCNICO DI TORINO (ITALIA) Y ESCUELA SUPERIOR POLITÉCNICA DE CHIMBORAZO

";"27-04-2023






";5 AÑOS;https://liveespochedu-my.sharepoint.com/:f:/g/personal/vinculacion_convenios_espoch_edu_ec/EtCQybPKj3RFovTOJYoz0IIB3EgeigSsAcJmCyomK6-EqA?e=9hYYFr
NACIONAL;162.CP.2023;"CONVENIO ESPECÍFICO DE COOPERACIÓN INTERINSTITUCIONAL ENTRE LA ESCUELA SUPERIOR POLITÉCNICA DE CHIMBORAZO Y LA FUNDACIÓN AGENESIA ECUADOR PARA LA EJECUCIÓN DEL PROYECTO DE INVESTIGACIÓN INSTITUCIONAL MULTIDISCIPLINARIO ""DESARROLLO Y FABRICACIÓN DE PRÓTESIS PERSONALIZADAS PARA LA REHABILITACIÓN DE EXTREMIDADES SUPERIORES Y SU COMERCIALIZACIÓN MEDIANTE UN PLAN ESTRATÉGICO";"31/05/2023



";5 AÑOS;https://liveespochedu-my.sharepoint.com/:f:/g/personal/vinculacion_convenios_espoch_edu_ec/EtCQybPKj3RFovTOJYoz0IIB3EgeigSsAcJmCyomK6-EqA?e=9hYYFr
NACIONAL;166.CP.2023;CONVENIO DE PRÁCTICAS PRE PROFESIONALES, INVESTIGACIÓN Y VINCULACIÓN CON LA SOCIEDAD ENTRE LA ESCUELA SUPERIOR POLITÉCNICA DE CHIMBORAZO “ESPOCH” Y LA DIRECCIÓN ZONAL 8 NAPO MINISTERIO DEL AMBIENTE, AGUA Y TRANSICIÓN ECOLÓGICA;"13-07-2023







";5 AÑOS;https://liveespochedu-my.sharepoint.com/:f:/g/personal/vinculacion_convenios_espoch_edu_ec/EtCQybPKj3RFovTOJYoz0IIB3EgeigSsAcJmCyomK6-EqA?e=9hYYFr
NACIONAL;227.CP.2023;ONVENIO ESPECÍFICO DE COOPERACIÓN INTERINSTITUCIONAL ENTRE LA ESCUELA SUPERIOR POLITÉCNICA DE CHIMBORAZO Y LA PLANTA INDUSTRIAL CIUDAD DEL AUTO CIAUTO CIA LTDA., para la ejecución del proyecto de investigación “DISEÑO DE UNA INFRAESTRUCTURA DE CARGA PARA VEHÍCULOS ELÉCTRICOS MEDIANTE MODELACIÓN Y EQUIPAMIENTO A BORDO EN CICLOS DE CONDUCCIÓN URBANAS E INTERURBANAS CARACTERÍSTICOS EN CIUDADES DEL ECUADOR;"06-07-2023







";3 AÑOS;https://liveespochedu-my.sharepoint.com/:f:/g/personal/vinculacion_convenios_espoch_edu_ec/EtCQybPKj3RFovTOJYoz0IIB3EgeigSsAcJmCyomK6-EqA?e=9hYYFr
NACIONAL;232.CP.2023;CONVENIO ESPECÍFICO DE COOPERACIÓN INTERINSTITUCIONAL ENTRE LA ESCUELA SUPERIOR POLITÉCNICA DE CHIMBORAZO Y LA UNIVERSIDAD NACIONAL DE CHIMBORAZO, para el desarrollo del proyecto “DESARROLLO Y FABRICACIÓN DE PRÓTESIS PERSONALIZADAS PARA LA REHABILITACIÓN DE EXTREMIDADES SUPERIORES Y SU COMERCIALIZACIÓN MEDIANTE UN PLAN ESTRATÉGICO;"08-05-2023






";5 AÑOS;https://liveespochedu-my.sharepoint.com/:f:/g/personal/vinculacion_convenios_espoch_edu_ec/EtCQybPKj3RFovTOJYoz0IIB3EgeigSsAcJmCyomK6-EqA?e=9hYYFr
NACIONAL;238.CP.2023;"CONVENIO MARCO DE COOPERACIÓN INTERINSTITUCIONAL ENTRE LA CÁMARA ECUATORIANA DE EMPRESAS DE TRANSPORTE DE CARGA Y LOGÍSTICA Y LA ESCUELA SUPERIOR POLITÉCNICA DE CHIMBORAZO""";"05-07-2023






";"5 AÑOS
";https://liveespochedu-my.sharepoint.com/:f:/g/personal/vinculacion_convenios_espoch_edu_ec/EtCQybPKj3RFovTOJYoz0IIB3EgeigSsAcJmCyomK6-EqA?e=9hYYFr
NACIONAL;239.CP.2023;CONVENIO ESPECÍFICO DE COOPERACIÓN INTERINSTITUCIONAL ENTRE LA ESCUELA SUPERIOR POLITÉCNICA DE CHIMBORAZO Y LA ESCUELA SUPERIOR POLITÉCNICA DEL LITORAL para la ejecución del proyecto de investigación “PAPEL DE LA MICROBIOTA INTESTINAL EN EL CONTROL DE INFECCIONES PARASITARIAS: UN APORTE PARA MEJORAR EL ESTADO NUTRICIONAL Y COGNITIVO DE NIÑOS Y NIÑAS DE LA SIERRA Y AMAZONÍA ECUATORIANA PROYECTO GUAGUA”;"9-06-2023







";3 AÑOS;https://liveespochedu-my.sharepoint.com/:f:/g/personal/vinculacion_convenios_espoch_edu_ec/EtCQybPKj3RFovTOJYoz0IIB3EgeigSsAcJmCyomK6-EqA?e=9hYYFr
NACIONAL;243.CP.2023;CONVENIO ESPECÍFICO DE COOPERACIÓN INTERISTITUCIONAL PARA EL DESARROLLO DE PRÁCTICAS PRE PROFESIONALES ENTRE LA ESCUELA SUPERIOR POLITÉCNICA DE CHIMBORAZO Y LA UNIDAD EDUCATIVA DE LAS AMÉRICAS - CEPLA.”;"15-11-2023







";5 AÑOS;https://liveespochedu-my.sharepoint.com/:f:/g/personal/vinculacion_convenios_espoch_edu_ec/EtCQybPKj3RFovTOJYoz0IIB3EgeigSsAcJmCyomK6-EqA?e=9hYYFr
NACIONAL;277.CP.2023;CONVENIO ESPECÍFICO DE COOPERACIÓN INTERINSTITUCIONAL ENTRE LA ESCUELA SUPERIOR POLITÉCNICA DE CHIMBORAZO Y LA FUNDACIÓN INTERNACIONAL BUEN SAMARITANO PAUL MARTEL “FIBUSPAM”., para la ejecución del proyecto de investigación “VALIDACIÓN DE LA ANTIBIOTICOTERAPIA EN INFECCIONES BACTERIANAS PRESENTES EN LA  POBLACIÓN DE 0 – 18 AÑOS MEDIANTE UN SOFTWARE”;"18-5-2023






";3 AÑOS;https://liveespochedu-my.sharepoint.com/:f:/g/personal/vinculacion_convenios_espoch_edu_ec/EtCQybPKj3RFovTOJYoz0IIB3EgeigSsAcJmCyomK6-EqA?e=9hYYFr
NACIONAL;278.CP.2023;"CONVENIO ESPECÍFICO DE COOPERACIÓN INTERINSTITUCIONAL ENTRE LA ESCUELA SUPERIOR POLITÉCNICA DE CHIMBORAZO Y LA FUNDACIÓN CIRCULAR para la ejecución del proyecto de investigación: ""DESCONTAMINACIÓN DEL RÍO PACHANLICA DE LA PROVINCIA DE TUNGURAHUA MEDIANTE TÉCNICAS INTEGRALES DE RESTAURACIÓN DESDE LA PLANIFICACIÓN, AL SEGUIMIENTO Y CONTROL";"8-6-2023







";3 AÑOS;https://liveespochedu-my.sharepoint.com/:f:/g/personal/vinculacion_convenios_espoch_edu_ec/EtCQybPKj3RFovTOJYoz0IIB3EgeigSsAcJmCyomK6-EqA?e=9hYYFr
NACIONAL;279.CP.2023;CONVENIO ESPECÍFICO DE PRÁCTICAS PRE PROFESIONALES ENTRE LA DIRECCIÓN ZONAL 3 CHIMBORAZO MINISTERIO DEL AMBIENTE, AGUA Y TRANSICIÓN ECOLÓGICA Y LA ESCUELA SUPERIOR POLITÉCNICA DE CHIMBORAZO;"9-5-2023







";3 AÑOS;https://liveespochedu-my.sharepoint.com/:f:/g/personal/vinculacion_convenios_espoch_edu_ec/EtCQybPKj3RFovTOJYoz0IIB3EgeigSsAcJmCyomK6-EqA?e=9hYYFr
INTERNACIONAL;280.CP.2023;CONVENIO MARCO DE COLABORACIÓN ENTRE LA UNIVERSITAT ROVIRA I VIRGILI Y LA ESCUELA SUPERIOR POLITÉCNICA DE CHIMBORAZO - ECUADOR;"21-6-2023







";4 AÑOS;https://liveespochedu-my.sharepoint.com/:f:/g/personal/vinculacion_convenios_espoch_edu_ec/EtCQybPKj3RFovTOJYoz0IIB3EgeigSsAcJmCyomK6-EqA?e=9hYYFr
NACIONAL;282.CP.2023;CONVENIO ESPECÍFICO DE COOPERACIÓN INTERINSTITUCIONAL ENTRE LA ESCUELA SUPERIOR POLITÉCNICA DE CHIMBORAZO Y LA UNIVERSIDAD NACIONAL DE CHIMBORAZO para la ejecución del proyecto de investigación “PROPONER UNA ESTRATEGIA INTEGRAL PARA IMPLEMENTAR UN CENTRO DE PROCESAMIENTO DE ORO PARA EL DISTRITO MINERO DE ZARUMA–PORTOVELO, CON VISIÓN EXTRACTIVA, PRODUCTIVA Y AMIGABLE CON EL MEDIO”;"21-09-2023







";3 AÑOS;https://liveespochedu-my.sharepoint.com/:f:/g/personal/vinculacion_convenios_espoch_edu_ec/EtCQybPKj3RFovTOJYoz0IIB3EgeigSsAcJmCyomK6-EqA?e=9hYYFr
INTERNACIONAL;285.CP.2023;CONVENIO ESPECÍFICO DE COOPERACIÓN INTERINSTITUCIONAL ENTRE LA ESCUELA SUPERIOR POLITÉCNICA DE CHIMBORAZO Y LA UNIVERSIDAD DE GEORGIA, para la ejecución del Proyecto de Investigación “QHAPAQ ÑAN PARA LA VIDA: GESTIÓN DEL DESARROLLO SOSTENIBLE DE LAS POBLACIONES Y TERRITORIOS VINCULADOS AL SISTEMA VIAL ANDINO DEL QHAPAQ ÑAN (SECCIÓN NIZAG) MEDIANTE LA CONSERVACIÓN, SALVAGUARDA Y GESTIÓN DEL PATRIMONIO CULTURAL Y MEMORIA SOCIAL”;"02-08-2023







";3 AÑOS;https://liveespochedu-my.sharepoint.com/:f:/g/personal/vinculacion_convenios_espoch_edu_ec/EtCQybPKj3RFovTOJYoz0IIB3EgeigSsAcJmCyomK6-EqA?e=9hYYFr
NACIONAL;329.CP.2023;CONVENIO ESPECIFICO DE COOPERACIÓN INTERINSTITUCIONAL ENTRE EL GOBIERNO AUTÓNOMO DESCENTRALIZADO PARROQUIAL RURAL “SANTIAGO DE CALPI” Y LA ESCUELA SUPERIOR POLITÉCNICA DE CHIMBORAZO;"12-05-2023








";3 AÑOS ;https://liveespochedu-my.sharepoint.com/:f:/g/personal/vinculacion_convenios_espoch_edu_ec/EtCQybPKj3RFovTOJYoz0IIB3EgeigSsAcJmCyomK6-EqA?e=9hYYFr
NACIONAL;343.CP.2023;CONVENIO MARCO DE COOPERACIÓN INTERINSTITUCIONAL ENTRE EL GOBIERNO AUTÓNOMO DESCENTRALIZADO DEL CANTÓN CHAMBO Y LA ESCUELA SUPERIOR POLITÉCNICA DE CHIMBORAZO;"22-08-2023








";5 AÑOS ;https://liveespochedu-my.sharepoint.com/:f:/g/personal/vinculacion_convenios_espoch_edu_ec/EtCQybPKj3RFovTOJYoz0IIB3EgeigSsAcJmCyomK6-EqA?e=9hYYFr
NACIONAL;345.CP.2023;CONVENIO MARCO DE COOPERACIÓN ACADÉMICA, CIENTÍFICA DE DESARROLLO TECNOLÓGICO, ENTRE EL MINISTERIO DE DEFENSA NACIONAL - FUERZA AEREA ECUATORIANA Y LA ESCUELA SUPERIOR POLITECNICA DE CHIMBORAZO;"13-06-2023








";5 AÑOS ;https://liveespochedu-my.sharepoint.com/:f:/g/personal/vinculacion_convenios_espoch_edu_ec/EtCQybPKj3RFovTOJYoz0IIB3EgeigSsAcJmCyomK6-EqA?e=9hYYFr
NACIONAL;347.CP.2023;"CONVENIO ESPECÍFICO DE COOPERACIÓN INTERINSTITUCIONAL ENTRE LA ESCUELA SUPERIOR POLITÉCNICA DE CHIMBORAZO Y EL LABORATORIO CLÍNICO SAN GABRIEL para la ejecución del proyecto de investigación “ANÁLISIS DE LA INFLUENCIA DE LOS ESTILOS DE VIDA EN LOS VALORES HEMATIMÉTRICOS Y SU RELACIÓN CON EL RENDIMIENTO ACADÉMICO DE LOS ESTUDIANTES DE LA CARRERA DE MEDICINA. FACULTAD DE SALUD PÚBLICA. ESPOCH"" ";"4-06-2023








";3 AÑOS ;https://liveespochedu-my.sharepoint.com/:f:/g/personal/vinculacion_convenios_espoch_edu_ec/EtCQybPKj3RFovTOJYoz0IIB3EgeigSsAcJmCyomK6-EqA?e=9hYYFr
NACIONAL;362.CP.2023;"CONVENIO MARCO DE COOPERACIÓN INTERINSTITUCIONAL ENTRE LA ESCUELA SUPERIOR POLITÉCNICA DE CHIMBORAZO Y EL VICARIATO APOSTÓLICO DE AGUARICO – LABORATORIO AMBIENTAL LABSU""";"13-07-2023








";5 AÑOS ;https://liveespochedu-my.sharepoint.com/:f:/g/personal/vinculacion_convenios_espoch_edu_ec/EtCQybPKj3RFovTOJYoz0IIB3EgeigSsAcJmCyomK6-EqA?e=9hYYFr
NACIONAL;367.CP.2023;CONVENIO ESPECÍFICO DE COOPERACIÓN INTERINSTITUCIONAL ENTRE LA ESCUELA SUPERIOR POLITÉCNICA DE CHIMBORAZO Y LA UNIVERSIDAD POLITÉCNICA SALESIANA, para el desarrollo del proyecto “PROPUESTA METODOLÓGICA PARA EL DISEÑO DE ESTRATEGIAS DE INFORMACIÓN, EDUCACIÓN Y COMUNICACIÓN (IEC) QUE PERMITAN EL ABORDAJE INTEGRAL DE LA PREVENCIÓN Y DISMINUCIÓN DEL ACOSO SEXUAL A ESTUDIANTES DE LA ESCUELA SUPERIOR POLITÉCNICA DE CHIMBORAZO” ;"03-07-2023







";3 AÑOS;https://liveespochedu-my.sharepoint.com/:f:/g/personal/vinculacion_convenios_espoch_edu_ec/EtCQybPKj3RFovTOJYoz0IIB3EgeigSsAcJmCyomK6-EqA?e=9hYYFr
NACIONAL;392.CP.2023;"CONVENIO MARCO DE COOPERACIÓN INTERINSTITUCIONAL ENTRE LA ESCUELA SUPERIOR POLITÉCNICA DE CHIMBORAZO (ESPOCH) Y LA ASOCIACION DE PROPIETARIOS DE PLANTAS DE BENEFICIO, FUNDICIÓN Y REFINACIÓN DE SUSTANCIAS MINERALES DE LA PROVINCIA DE EL ORO “APROPLASMIN"" ";"21-06-2023







";5 AÑOS;https://liveespochedu-my.sharepoint.com/:f:/g/personal/vinculacion_convenios_espoch_edu_ec/EtCQybPKj3RFovTOJYoz0IIB3EgeigSsAcJmCyomK6-EqA?e=9hYYFr
NACIONAL;415.CP.2023;CONVENIO DE COOPERACIÓN INTERINSTITUCIONAL ENTRE LA ESCUELA SUPERIOR POLITÉCNICA DE CHIMBORAZO (ESPOCH) Y EL INSTITUTO SUPERIOR UNIVERSITARIO CARLOS CISNEROS” ;"21-06-2023








";5 AÑOS ;https://liveespochedu-my.sharepoint.com/:f:/g/personal/vinculacion_convenios_espoch_edu_ec/EtCQybPKj3RFovTOJYoz0IIB3EgeigSsAcJmCyomK6-EqA?e=9hYYFr
NACIONAL;417.CP.2023;CONVENIO ESPECÍFICO DE COOPERACIÓN INTERINSTITUCIONAL ENTRE LA ESCUELA SUPERIOR POLITÉCNICA DE CHIMBORAZO Y FUNDACIÓN URV para la ejecución del Proyecto de Investigación “PRODUCCIÓN DE GAS DE SÍNTESIS CON ALTO CONTENIDO DE HIDROGENO MEDIANTE PIROLISIS - GASIFICACIÓN DE BIOMASA Y RESIDUOS DE PLÁSTICOS” ;"16-06-2023







";3 AÑOS ;https://liveespochedu-my.sharepoint.com/:f:/g/personal/vinculacion_convenios_espoch_edu_ec/EtCQybPKj3RFovTOJYoz0IIB3EgeigSsAcJmCyomK6-EqA?e=9hYYFr
NACIONAL;423.CP.2023;CONVENIO ESPECÍFICO DE COOPERACIÓN INTERINSTITUCIONAL ENTRE LA ESCUELA SUPERIOR POLITÉCNICA DE CHIMBORAZO Y LA UNIVERSIDAD NACIONAL DE CHIMBORAZO PARA LA INTEGRACIÓN DE LAS COMISIONES DE LOS CONCURSOS DE MERECIMIENTOS Y OPOSICIÓN” ;"06/06/2023



";5 AÑOS;https://liveespochedu-my.sharepoint.com/:f:/g/personal/vinculacion_convenios_espoch_edu_ec/EtCQybPKj3RFovTOJYoz0IIB3EgeigSsAcJmCyomK6-EqA?e=9hYYFr
NACIONAL;434.CP.2023;CONVENIO ESPECÍFICO DE COOPERACIÓN INTERINSTITUCIONAL ENTRE LA ESCUELA SUPERIOR POLITÉCNICA DE CHIMBORAZO Y LA UNIVERSIDAD CENTRAL DEL  ECUADOR;"29/06/2023



";3 AÑOS;https://liveespochedu-my.sharepoint.com/:f:/g/personal/vinculacion_convenios_espoch_edu_ec/EtCQybPKj3RFovTOJYoz0IIB3EgeigSsAcJmCyomK6-EqA?e=9hYYFr
NACIONAL;435.CP.2023;"CONVENIO ESPECÍFICO DE COOPERACIÓN INTERINSTITUCIONAL ENTRE LA ESCUELA SUPERIOR POLITÉCNICA DE CHIMBORAZO Y LA UNIVERSITY OF MINHO para la ejecución del Proyecto de Investigación “PROPONER UNA ESTRATEGIA INTEGRAL PARA IMPLEMENTAR UN CENTRO DE PROCESAMIENTO DE ORO PARA EL DISTRITO MINERO DE ZARUMA –PORTOVELO, CON VISIÓN EXTRACTIVA, PRODUCTIVA Y AMIGABLE CON EL MEDIO"" ";"30/06/2023



";3 AÑOS;https://liveespochedu-my.sharepoint.com/:f:/g/personal/vinculacion_convenios_espoch_edu_ec/EtCQybPKj3RFovTOJYoz0IIB3EgeigSsAcJmCyomK6-EqA?e=9hYYFr
INTERNACIONAL;472.CP.2023;"ACUERDO DE COOPERACIÓN CIENTÍFICA Y TÉCNICA ENTRE LA ESCUELA SUPERIOR POLITÉCNICA DE CHIMBORAZO Y LA UNIVERSIDAD DE SEVILLA"" ";"29-07-2023







";3 AÑOS;https://liveespochedu-my.sharepoint.com/:f:/g/personal/vinculacion_convenios_espoch_edu_ec/EtCQybPKj3RFovTOJYoz0IIB3EgeigSsAcJmCyomK6-EqA?e=9hYYFr
NACIONAL;492.CP.2023;CONVENIO ESPECÍFICO DE COOPERACIÓN INTERINSTITUCIONAL ENTRE LA ESCUELA SUPERIOR POLITÉCNICA DE CHIMBORAZO Y EL INSTITUTO SUPERIOR TECNOLOGICO CARLOS CISNEROS para la ejecución del Proyecto de “IMPLEMENTACION DE OBJETOS DE APRENDIZAJE EN ENTORNOS VIRTUALES DE LA ESPOCH A FIN DE ESTANDARIZAR LOS RECURSOS Y ACTIVIDADES PARA EL DICTADO DEL ITINERARIO DE INGLES”;"07-10-2023






";3 AÑOS;https://liveespochedu-my.sharepoint.com/:f:/g/personal/vinculacion_convenios_espoch_edu_ec/EtCQybPKj3RFovTOJYoz0IIB3EgeigSsAcJmCyomK6-EqA?e=9hYYFr
NACIONAL;496.CP.2023;CONVENIO MARCO DE COOPERACIÓN ENTRE LA ESCUELA SUPERIOR POLITÉCNICA DE CHIMBORAZO “ESPOCH” Y EL SEÑOR LEONARDO TENEGUSÑAY TAGUA;"03-08-2023







";10 AÑOS;https://liveespochedu-my.sharepoint.com/:f:/g/personal/vinculacion_convenios_espoch_edu_ec/EtCQybPKj3RFovTOJYoz0IIB3EgeigSsAcJmCyomK6-EqA?e=9hYYFr
NACIONAL;507.CP.2023;"CONVENIO ESPECÍFICO DE COOPERACIÓN INTERINSTITUCIONAL ENTRE LA ESCUELA SUPERIOR POLITÉCNICA DE CHIMBORAZO Y LA UNIVERSIDAD NACIONAL DE CHIMBORAZO para la ejecución del ´proyecto de investigación “PROGRAMA PARA EL MANEJO DE LOS RESIDUOS EN LOS ESTABLECIMIENTOS TURÍSTICOS DE ALIMENTOS Y BEBIDAS DEL CANTÓN RIOBAMBA CON VISIÓN DE ECONOMÍA CIRCULAR""";"23-08-2023







";3 AÑOS;https://liveespochedu-my.sharepoint.com/:f:/g/personal/vinculacion_convenios_espoch_edu_ec/EtCQybPKj3RFovTOJYoz0IIB3EgeigSsAcJmCyomK6-EqA?e=9hYYFr
INTERNACIONAL;508.CP.2023;"ACUERDO MARCO DE COOPERACIÓN ENTRE ESCUELA SUPERIOR POLITÉCNICA DE CHIMBORAZO (FACULTAD DE MECÁNICA) Y UNIVERSIDAD DE ANTIOQUIA (FACULTAD DE INGENIERÍA)"" ";"31-08-2023







";5 AÑOS;https://liveespochedu-my.sharepoint.com/:f:/g/personal/vinculacion_convenios_espoch_edu_ec/EtCQybPKj3RFovTOJYoz0IIB3EgeigSsAcJmCyomK6-EqA?e=9hYYFr
NACIONAL;544.CP.2023;CONVENIO MARCO DE COOPERACIÓN INTERINSTITUCIONAL ENTRE LA ESCUELA SUPERIOR POLITÉCNICA DE CHIMBORAZO Y EL GOBIERNO AUTÓNOMO DESCENTRALIZADO MUNICIPAL DEL CANTÓN ALAUSÍ;"13-11-2023








";4 AÑOS;https://liveespochedu-my.sharepoint.com/:f:/g/personal/vinculacion_convenios_espoch_edu_ec/EtCQybPKj3RFovTOJYoz0IIB3EgeigSsAcJmCyomK6-EqA?e=9hYYFr
NACIONAL;704.CP.2023;CONVENIO ESPECÍFICO DE COOPERACIÓN INTERINSTITUCIONAL ENTRE EL GOBIERNO AUTÓNOMO DESCENTRALIZADO MUNICIPAL DEL CANTÓN GUANO Y LA ESCUELA SUPERIOR POLITÉCNICA DE CHIMBORAZO, PARA FORTALECER LA FORMACIÓN ACADÉMICA DE LOS ESTUDIANTES DE LA CARRERA DE INGENIERÍA QUÍMICA MEDIANTE LA REALIZACIÓN DE PRÁCTICAS PRE PROFESIONALES Y TRABAJOS DE TITULACIÓN;"13-10-2023








";5 AÑOS;https://liveespochedu-my.sharepoint.com/:f:/g/personal/vinculacion_convenios_espoch_edu_ec/EtCQybPKj3RFovTOJYoz0IIB3EgeigSsAcJmCyomK6-EqA?e=9hYYFr
NACIONAL;742.CP.2023;CONVENIO ESPECÍFICO DE COOPERACIÓN INTERINSTITUCIONAL ENTRE LA ESCUELA SUPERIOR POLITÉCNICA DE CHIMBORAZO Y LA EMPRESA ELÉCTRICA RIOBAMBA S.A s.;"10-10-2023







";3 AÑOS;https://liveespochedu-my.sharepoint.com/:f:/g/personal/vinculacion_convenios_espoch_edu_ec/EtCQybPKj3RFovTOJYoz0IIB3EgeigSsAcJmCyomK6-EqA?e=9hYYFr
NACIONAL;810.CP.2023;"CONVENIO ESPECÍFICO DE COOPERACIÓN PARA EL DESARROLLO DE LA INVESTIGACIÓN ENTRE LA ESCUELA SUPERIOR POLITÉCNICA DE CHIMBORAZO (ESPOCH) Y LA UNIVERSIDAD NACIONAL DE CHIMBORAZO"",";"04-12-2023








";3 AÑOS;https://liveespochedu-my.sharepoint.com/:f:/g/personal/vinculacion_convenios_espoch_edu_ec/EtCQybPKj3RFovTOJYoz0IIB3EgeigSsAcJmCyomK6-EqA?e=9hYYFr
NACIONAL;837.CP.2023;"CONVENIO ESPECÍFICO DE COOPERACIÓN INTERINSTITUCIONAL ENTRE EDWIN SALAZAR ORDOÑEZ EDSAOR CIA. LTDA. Y LA ESCUELA SUPERIOR POLITÉCNICA DE CHIMBORAZO, PARA FORTALECER LA FORMACIÓN ACADÉMICA DE LOS ESTUDIANTES MEDIANTE LA REALIZACIÓN DE PRÁCTICAS PRE PROFESIONALES (FIBRA TELECOM)

";"29-01-2024







";3 AÑOS;https://liveespochedu-my.sharepoint.com/:f:/g/personal/vinculacion_convenios_espoch_edu_ec/EtCQybPKj3RFovTOJYoz0IIB3EgeigSsAcJmCyomK6-EqA?e=9hYYFr
NACIONAL;875.CP.2023;CONVENIO MARCO DE COOPERACIÓN INTERINSTITUCIONAL ENTRE LA CENTRAL ECUATORIANA DE SERVICIOS AGRICOLAS - CESA Y LA ESCUELA SUPERIOR POLITÉCNICA DE CHIMBORAZO;"28/02/2024


";5 AÑOS;https://liveespochedu-my.sharepoint.com/:f:/g/personal/vinculacion_convenios_espoch_edu_ec/EtCQybPKj3RFovTOJYoz0IIB3EgeigSsAcJmCyomK6-EqA?e=9hYYFr
NACIONAL;881.CP.2023;CONVENIO MARCO DE COOPERACIÓN INTERINSTITUCIONAL ENTRE EL GOBIERNO AUTÓNOMO DESCENTRALIZADO MUNICIPAL DEL CANTÓN RIOBAMBA Y LA ESCUELA SUPERIOR POLITÉCNICA DE CHIMBORAZO CON EL OBJETO DE ESTABLECER BASES Y MECANISMOS GENERALES DE APOYO PARA LA FORMULACIÓN, GESTIÓN Y EJECUCIÓN DE PROYECTOS Y PROGRAMAS DE COMPETENCIA MUNICIPAL QUE BENEFICIEN A LA POBLACIÓN RIOBAMBEÑA;"28/11/2024



";4 AÑOS;https://liveespochedu-my.sharepoint.com/:f:/g/personal/vinculacion_convenios_espoch_edu_ec/EtCQybPKj3RFovTOJYoz0IIB3EgeigSsAcJmCyomK6-EqA?e=9hYYFr
NACIONAL;043.CP.2022;CONVENIO MARCO DE COOPERACIÓN INTERINSTITUCIONAL ENTRE LA ESCUELA SUPERIOR POLITÉCNICA DE CHIMBORAZO Y ECUAMATRIZ CIA LTDA;"15-03-2022








";5 AÑOS;https://liveespochedu-my.sharepoint.com/:f:/g/personal/vinculacion_convenios_espoch_edu_ec/EtCQybPKj3RFovTOJYoz0IIB3EgeigSsAcJmCyomK6-EqA?e=9hYYFr
NACIONAL;044.CP.2022;CONVENIO MARCO DE COOPERACIÓN INTERINSTITUCIONAL ENTRE LA ESCUELA SUPERIOR POLITÉCNICA DE CHIMBORAZO “ESPOCH” Y LA AGENCIA DE REGULACIÓN Y CONTROL FITO Y ZOOSANITARIO;"25-01-2022









";5 AÑOS;https://liveespochedu-my.sharepoint.com/:f:/g/personal/vinculacion_convenios_espoch_edu_ec/EtCQybPKj3RFovTOJYoz0IIB3EgeigSsAcJmCyomK6-EqA?e=9hYYFr
INTERNACIONAL;069.CP.2022;CONVENIO MARCO DE COOPERACIÓN INTERINSTITUCIONAL ENTRE LA FUNDACIÓN MARTHA VEGA Y LA ESCUELA SUPERIOR POLITÉCNICA DE CHIMBORAZO;"17-01-2022







";5 AÑOS;https://liveespochedu-my.sharepoint.com/:f:/g/personal/vinculacion_convenios_espoch_edu_ec/EtCQybPKj3RFovTOJYoz0IIB3EgeigSsAcJmCyomK6-EqA?e=9hYYFr
NACIONAL;164.CP.2022;"CONVENIO MARCO DE COOPERACIÓN INTERNACIONAL ENTRE LA ESCUELA SUPERIOR POLITÉCNICA DE CHIMBORAZO Y LA FUNDACIÓN IBEROAMERICANA DE EDUCACIÓN""";"12-05-2022


";5 AÑOS;https://liveespochedu-my.sharepoint.com/:f:/g/personal/vinculacion_convenios_espoch_edu_ec/EtCQybPKj3RFovTOJYoz0IIB3EgeigSsAcJmCyomK6-EqA?e=9hYYFr
INTERNACIONAL;203.CP.2022;CONVENIO MARCO DE COOPERACIÓN ACADÉMICA CIENTÍFICA Y CULTURAL ENTRE LA ESCUELA SUPERIOR POLITECNICA DE CHIMBORAZO, LA PONTIFICIA UNIVERSIDAD CATÓLICA DE CHILE Y LA UNIVERSIDAD MOULAY ISMAIL DE MEKNES;"17-05-2022







";5 AÑOS;https://liveespochedu-my.sharepoint.com/:f:/g/personal/vinculacion_convenios_espoch_edu_ec/EtCQybPKj3RFovTOJYoz0IIB3EgeigSsAcJmCyomK6-EqA?e=9hYYFr
INTERNACIONAL;206.CP.2022;CONVENIO MARCO DE COLABORACIÓN INTERINSTITUCIONAL ENTRE LA ESCUELA SUPERIOR POLITÉCNICA DE CHIMBORAZO Y LA UNIVERSIDAD NACIONAL DE RÍO NEGRO -ARGENTINA;"26-10-2022







";5 AÑOS;https://liveespochedu-my.sharepoint.com/:f:/g/personal/vinculacion_convenios_espoch_edu_ec/EtCQybPKj3RFovTOJYoz0IIB3EgeigSsAcJmCyomK6-EqA?e=9hYYFr
INTERNACIONAL;247.CP.2022;CONVENIO DE COOPERACIÓN ENTRE LA ESCUELA SUPERIOR POLITÉCNICA DE CHIMBORAZO Y UNIVERSIDAD NACIONAL DE CIENCIAS FORESTALES DE HONDURAS;"10-09-2023







";5 AÑOS;https://liveespochedu-my.sharepoint.com/:f:/g/personal/vinculacion_convenios_espoch_edu_ec/EtCQybPKj3RFovTOJYoz0IIB3EgeigSsAcJmCyomK6-EqA?e=9hYYFr
INTERNACIONAL;248.CP.2022;"CONVENIO DE COOPERACION INTERNACIONAL ENTRE LA ESCUELA SUPERIOR POLITÉCNICA DE CHIMBORAZO, RIOBAMBA, ECUADOR Y EL CONSEJO DE REGENTES DEL SISTEMA DE UNIVERSIDADES DE GEORGIA LA UNIVERSIDAD DE GEORGIA, ATHENS, GEORGIA, EE.UU”; ";"7-11-2022







";5 AÑOS;https://liveespochedu-my.sharepoint.com/:f:/g/personal/vinculacion_convenios_espoch_edu_ec/EtCQybPKj3RFovTOJYoz0IIB3EgeigSsAcJmCyomK6-EqA?e=9hYYFr
NACIONAL;251.CP.2022;CONVENIO DE COOPERACIÓN INTERINSTITUCIONAL ENTRE FUNDACIÓN VISIÓN MUNDIAL ECUADOR Y ESCUELA SUPERIOR POLITÉCNICA DE CHIMBORAZO PARA LA IMPLEMENTACIÓN DEL PROYECTO DE FORTALECIMIENTO DEL DESARROLLO INTEGRAL DE LA NIÑEZ Y ADOLESCENCIA EN LA PROVINCIA DE CHIMBORAZO;"26-02-2022







";5 AÑOS;https://liveespochedu-my.sharepoint.com/:f:/g/personal/vinculacion_convenios_espoch_edu_ec/EtCQybPKj3RFovTOJYoz0IIB3EgeigSsAcJmCyomK6-EqA?e=9hYYFr
NACIONAL;253.CP.2022;CONVENIO MARCO DE COOPERACIÓN INTERINSTITUCIONAL ENTRE LA ONG PROGRESSIO DESARROLLO SOSTENIBLE Y LA ESCUELA SUPERIOR POLITÉCNICA DE CHIMBORAZO;"30-05-2022







";5 AÑOS;https://liveespochedu-my.sharepoint.com/:f:/g/personal/vinculacion_convenios_espoch_edu_ec/EtCQybPKj3RFovTOJYoz0IIB3EgeigSsAcJmCyomK6-EqA?e=9hYYFr
NACIONAL;293.CP.2022;CONVENIO ESPECIFICO PARA EQUIPAMIENTO, OPERACIÓN Y MANTENIMIENTO DE LA ESTACIÓN AGROMETEOROLÓGICA EN LA ESTACIÓN EXPERIMENTAL TUNSHI BAJO EL CONVENIO MARCO DE COOPERACIÓN INTERINSTITUCIONAL ENTRE EL INSTITUTO NACIONAL DE METEOROLOGÍA E HIDROLOGÍA Y LA ESCUELA SUPERIOR POLITÉCNICA DEL CHIMBORAZO;"01-08-2022






";10 AÑOS;https://liveespochedu-my.sharepoint.com/:f:/g/personal/vinculacion_convenios_espoch_edu_ec/EtCQybPKj3RFovTOJYoz0IIB3EgeigSsAcJmCyomK6-EqA?e=9hYYFr
NACIONAL;329.CP.2022;CONVENIO MARCO DE COOPERACIÓN INTERINSTITUCIONAL ENTRE LA UNIVERSIDAD ESTATAL DE MILAGRO Y LA ESCUELA SUPERIOR POLITÉCNICA DE CHIMBORAZO;"26-10-2022







";5 AÑOS;https://liveespochedu-my.sharepoint.com/:f:/g/personal/vinculacion_convenios_espoch_edu_ec/EtCQybPKj3RFovTOJYoz0IIB3EgeigSsAcJmCyomK6-EqA?e=9hYYFr
INTERNACIONAL;331.CP.2022;"CONVENIO MARCO DE COOPERACIÓN CIENTÍFICA ENTRE LA UNIVERSIDAD DE TORINO Departamento de Ciencias de la Tierra Y ESCUELA SUPERIOR POLITÉCNICA DE CHIMBORAZO Facultad de Ciencias
 ";"26-06-2022







";5 AÑOS;https://liveespochedu-my.sharepoint.com/:f:/g/personal/vinculacion_convenios_espoch_edu_ec/EtCQybPKj3RFovTOJYoz0IIB3EgeigSsAcJmCyomK6-EqA?e=9hYYFr
NACIONAL;333.CP.2022;CONVENIO DE USO DE INSTALACIONES ENTRE EL INSTITUTO SUPERIOR TECNOLÓGICO GENERAL ELOY ALFARO Y LA ESCUELA SUPERIOR POLITÉCNICA DE CHIMBORAZO;"27-06-2022






";5 AÑOS;https://liveespochedu-my.sharepoint.com/:f:/g/personal/vinculacion_convenios_espoch_edu_ec/EtCQybPKj3RFovTOJYoz0IIB3EgeigSsAcJmCyomK6-EqA?e=9hYYFr
NACIONAL;367.CP.2022;CONVENIO MARCO DE COOPERACIÓN ENTRE LA ESCUELA SUPERIOR POLITÉCNICA DE CHIMBORAZO Y LA COOPERATIVA DE AHORRO Y CRÉDITO CACPECO;"18-10-2022







";5 AÑOS;https://liveespochedu-my.sharepoint.com/:f:/g/personal/vinculacion_convenios_espoch_edu_ec/EtCQybPKj3RFovTOJYoz0IIB3EgeigSsAcJmCyomK6-EqA?e=9hYYFr
NACIONAL;370.CP.2022;CONVENIO ESPECÍFICO PARA EL DESARROLLO DE PASANTIAS ENTRE LA COMPAÑÍA SCHLUMBERGER DEL ECUADOR S.A. Y LA ESCUELA SUPERIOR POLITECNICA DE CHIMBORAZO;"14-06-2022






";5 AÑOS;https://liveespochedu-my.sharepoint.com/:f:/g/personal/vinculacion_convenios_espoch_edu_ec/EtCQybPKj3RFovTOJYoz0IIB3EgeigSsAcJmCyomK6-EqA?e=9hYYFr
NACIONAL;413.CP.2022;CONVENIO DE COOPERACIÓN INTERINSTITUCIONAL ENTRE EL INSTITUTO SUPERIOR TECNOLÓGICO 17 DE JULIO Y LA ESCUELA SUPERIOR POLITÉCNICA DE CHIMBORAZO;"29-08-2022




";5 AÑOS;https://liveespochedu-my.sharepoint.com/:f:/g/personal/vinculacion_convenios_espoch_edu_ec/EtCQybPKj3RFovTOJYoz0IIB3EgeigSsAcJmCyomK6-EqA?e=9hYYFr
NACIONAL;414.CP.2022;CONVENIO MARCO DE COOPERACIÓN INTERINSTITUCIONAL ENTRE LA ESCUELA SUPERIOR POLITÉCNICA DE CHIMBORAZO “ESPOCH” Y EL FONDO ECUATORIANO POPULORUM PROGRESSIO (FEPP);"07-09-2022







";4 AÑOS;https://liveespochedu-my.sharepoint.com/:f:/g/personal/vinculacion_convenios_espoch_edu_ec/EtCQybPKj3RFovTOJYoz0IIB3EgeigSsAcJmCyomK6-EqA?e=9hYYFr
NACIONAL;444.CP.2022;CONVENIO MARCO DE COOPERACIÓN INTERINSTITUCIONAL ENTRE EL MINISTERIO DE SALUD PÚBLICA Y LA ESCUELA SUPERIOR POLITÉCNICA DE CHIMBORAZO;"11-08-2022







";10 AÑOS;https://liveespochedu-my.sharepoint.com/:f:/g/personal/vinculacion_convenios_espoch_edu_ec/EtCQybPKj3RFovTOJYoz0IIB3EgeigSsAcJmCyomK6-EqA?e=9hYYFr
NACIONAL;464.CP.2022;CONVENIO MARCO ENTRE LA ESCUELA SUPERIOR POLITÉCNICA DE CHIMBORAZO - ESPOCH Y LA CORPORACIÓN DE DESARROLLO DE AMBATO Y TUNGURAHUA CORPOAMBATO;"04-10-2022







";5 AÑOS;https://liveespochedu-my.sharepoint.com/:f:/g/personal/vinculacion_convenios_espoch_edu_ec/EtCQybPKj3RFovTOJYoz0IIB3EgeigSsAcJmCyomK6-EqA?e=9hYYFr
NACIONAL;468.CP.2022;CONVENIO DE COOPERACIÓN INTERINSTITUCIONAL ENTRE ESPOCH – ESCUELA SUPERIOR POLITÉCNICA DE CHIMBORAZO Y EL INSTITUTO DE CIENCIA Y TECNOLOGÍA PARA LA ENERGÍA Y LA MOVILIDAD SOSTENIBLES (STEMS) DEL CONSEJO NACIONAL DE LA INVESTIGACIÓN DE ITALIA (CNR);"26-10-2022



";5 AÑOS;https://liveespochedu-my.sharepoint.com/:f:/g/personal/vinculacion_convenios_espoch_edu_ec/EtCQybPKj3RFovTOJYoz0IIB3EgeigSsAcJmCyomK6-EqA?e=9hYYFr
NACIONAL;469.CP.2022;CONVENIO MARCO DE COOPERACIÓN INTERINSTITUCIONAL ENTRE ESPOCH – ESCUELA SUPERIOR POLITÉCNICA DE CHIMBORAZO Y OVLEX – OVERSEAS LIFE EXPERIENCE S.A.;"17-09-2022







";5 AÑOS;https://liveespochedu-my.sharepoint.com/:f:/g/personal/vinculacion_convenios_espoch_edu_ec/EtCQybPKj3RFovTOJYoz0IIB3EgeigSsAcJmCyomK6-EqA?e=9hYYFr
NACIONAL;470.CP.2022;CONVENIO DE COOPERACIÓN INTERINSTITUCIONAL ENTRE LA SECRETARÍA DE EDUCACIÓN SUPERIOR, CIENCIA, TECNOLOGÍA E INNOVACIÓN, Y LA ESCUELA SUPERIOR POLITÉCNICA DE CHIMBORAZO ;"27-09-2022







";5 AÑOS;https://liveespochedu-my.sharepoint.com/:f:/g/personal/vinculacion_convenios_espoch_edu_ec/EtCQybPKj3RFovTOJYoz0IIB3EgeigSsAcJmCyomK6-EqA?e=9hYYFr
NACIONAL;472.CP.2022;CONVENIO MARCO DE COOPERACIÓN INTERINSTITUCIONAL ENTRE LA ESCUELA SUPERIOR POLITÉCNICA DE CHIMBORAZO Y LA MANCOMUNIDAD DEL PUEBLO CAÑARI;"09-08-2022






";5 AÑOS;https://liveespochedu-my.sharepoint.com/:f:/g/personal/vinculacion_convenios_espoch_edu_ec/EtCQybPKj3RFovTOJYoz0IIB3EgeigSsAcJmCyomK6-EqA?e=9hYYFr
NACIONAL;488.CP.2022;CONVENIO MARCO DE COOPERACIÓN INTERINSTITUCIONAL Y DE VINCULACIÓN ENTRE LA ESCUELA SUPERIOR POLITÉCNICA DE CHIMBORAZO Y LA UNIÓN CEMENTERA NACIONAL S.A;"13-12-2022







";5 AÑOS;https://liveespochedu-my.sharepoint.com/:f:/g/personal/vinculacion_convenios_espoch_edu_ec/EtCQybPKj3RFovTOJYoz0IIB3EgeigSsAcJmCyomK6-EqA?e=9hYYFr
NACIONAL;496.CP.2022;CONVENIO ESPECÍFICO ENTRE LA COORDINACIÓN ZONAL 3 SALUD Y LA ESCUELA SUPERIOR POLITÉCNICA DE CHIMBORAZO FACULTAD DE CIENCIAS ESCUELA DE BIOQUIMICA Y FARMACIA PARA LA REALIZACIÓN DE PRÁCTICAS PRE PROFESIONALES - EXTERNADO;"23-11-2022






";5 AÑOS;https://liveespochedu-my.sharepoint.com/:f:/g/personal/vinculacion_convenios_espoch_edu_ec/EtCQybPKj3RFovTOJYoz0IIB3EgeigSsAcJmCyomK6-EqA?e=9hYYFr
NACIONAL;506.CP.2022;CONVENIO MARCO DE COOPERACIÓN ENTRE LA ESCUELA SUPERIOR POLITÉCNICA DE CHIMBORAZO Y SHUARNUM CÍA. LTDA;"23-08-2023






";5 AÑOS;https://liveespochedu-my.sharepoint.com/:f:/g/personal/vinculacion_convenios_espoch_edu_ec/EtCQybPKj3RFovTOJYoz0IIB3EgeigSsAcJmCyomK6-EqA?e=9hYYFr
NACIONAL;521.CP.2022;CONVENIO ESPECÍFICO DE COOPERACIÓN INTERINSTITUCIONAL ENTRE AMBACAR CIA. LTDA., Y LA ESCUELA SUPERIOR POLITÉCNICA DE CHIMBORAZO, PARA FORTALECER LA FORMACIÓN ACADÉMICA DE LOS ESTUDIANTES MEDIANTE LA REALIZACIÓN DE PRÁCTICAS PRE PROFESIONALES;"13-06-2023






";3 AÑOS;https://liveespochedu-my.sharepoint.com/:f:/g/personal/vinculacion_convenios_espoch_edu_ec/EtCQybPKj3RFovTOJYoz0IIB3EgeigSsAcJmCyomK6-EqA?e=9hYYFr
INTERNACIONAL;595.CP.2022;CONVENIO MARCO DE COLABORACIÓN ENTRE LA ESCUELA SUPERIOR POLITÉCNICA DE CHIMBORAZO Y LA ESCUELA EUROPEA DE DIRECCIÓN Y EMPRESA, ESPAÑA;"2-12-2022






";5 AÑOS;https://liveespochedu-my.sharepoint.com/:f:/g/personal/vinculacion_convenios_espoch_edu_ec/EtCQybPKj3RFovTOJYoz0IIB3EgeigSsAcJmCyomK6-EqA?e=9hYYFr
INTERNACIONAL;613.CP.2022;CONVENIO MARCO DE COOPERACIÓN ENTRE ESCUELA SUPERIOR POLITÉCNICA DE CHIMBORAZO-ESPOCH Y LA UNIVERSIDAD INTERNACIONAL DE LA RIOJA UNIR;"05/12/2023


";5 AÑOS;https://liveespochedu-my.sharepoint.com/:f:/g/personal/vinculacion_convenios_espoch_edu_ec/EtCQybPKj3RFovTOJYoz0IIB3EgeigSsAcJmCyomK6-EqA?e=9hYYFr
INTERNACIONAL;673.CP.2022;MEMORANDO DE ENTENDIMIENTO ENTRE EL CUERPO DE PAZ Y LA ESCUELA SUPERIOR POLITÉCNICA DE CHIMBORAZO;"19/01/2023


";5 AÑOS;https://liveespochedu-my.sharepoint.com/:f:/g/personal/vinculacion_convenios_espoch_edu_ec/EtCQybPKj3RFovTOJYoz0IIB3EgeigSsAcJmCyomK6-EqA?e=9hYYFr
INTERNACIONAL;687.CP.2022;CONVENIO ESPECÍFICO ENTRE LA UNIVERSIDAD VERACRUZANA, MÉXICO Y ESCUELA SUPERIOR POLITÉCNICA DE CHIMBORAZO – ECUADOR PARA LA RED DE INVESTIGACIÓN MULTIDISCIPLINAR PARA LA CULTURA INVESTIGADORA (RIMCI);"21/03/2023

";4 AÑOS;https://liveespochedu-my.sharepoint.com/:f:/g/personal/vinculacion_convenios_espoch_edu_ec/EtCQybPKj3RFovTOJYoz0IIB3EgeigSsAcJmCyomK6-EqA?e=9hYYFr
NACIONAL;713.CP.2022;"CONVENIO MARCO DE COOPERACIÓN INTERINSTITUCIONAL ENTRE LA ESCUELA SUPERIOR POLITÉCNICA DE CHIMBORAZO ""ESPOCH"" Y EL GOBIERNO AUTONOMO DESCENTRALIZADO MUNICIPAL DEL CANTON SUCUA";"15/11/2022

";5 AÑOS;https://liveespochedu-my.sharepoint.com/:f:/g/personal/vinculacion_convenios_espoch_edu_ec/EtCQybPKj3RFovTOJYoz0IIB3EgeigSsAcJmCyomK6-EqA?e=9hYYFr
NACIONAL;721.CP.2022;"CONVENIO MARCO DE COOPERACIÓN INTERINSTITUCIONAL ENTRE LA ESCUELA SUPERIOR POLITÉCNICA DE CHIMBORAZO Y LA EMPRESA PÚBLICA MANCOMUNADA PARA LA GESTIÓN DESCENTRALIZADA Y DESCONCENTRADA DE LA COMPETENCIA DE TRÁNSITO, TRANSPORTE TERRESTRE Y SEGURIDAD VIAL DE LOS GOBIERNOS AUTÓNOMOS  DESCENTRALIZADOS MUNICIPALES DE BAÑOS DE AGUA SANTA, CEVALLOS, MOCHA, SANTIAGO DE QUERO, SAN PEDRO DE PELILLO, SANTIAGO DE PILLARO, SAN CRISTÓBAL DE PATATE, Y TISALEO DE LA PROVINCIA DE TUNGURAHUA “EPM-GESTITRANSV-T""";"26/02/2023


";5 AÑOS;https://liveespochedu-my.sharepoint.com/:f:/g/personal/vinculacion_convenios_espoch_edu_ec/EtCQybPKj3RFovTOJYoz0IIB3EgeigSsAcJmCyomK6-EqA?e=9hYYFr
INTERNACIONAL;110.CP.2021;CONVENIO ESPECÍFICO DE COOPERACIÓN INTERINSTITUCIONAL ENTRE UNIVERSIDAD DE LA CALABRIA Y LA ESCUELA SUPERIOR POLITÉCNICA DE CHIMBORAZO”;"31-03-2021


";6 AÑOS;https://liveespochedu-my.sharepoint.com/:f:/g/personal/vinculacion_convenios_espoch_edu_ec/EtCQybPKj3RFovTOJYoz0IIB3EgeigSsAcJmCyomK6-EqA?e=9hYYFr
NACIONAL;182.CP.2021;CONVENIO MARCO DE COOPERACIÓN INTERINSTITUCIONAL ENTRE LA ESCUELA SUPERIOR POLITÉCNICA DE CHIMBORAZO Y ÉLITE CAPACITADORES Y FORMADORES;"03-05-2021


";5 AÑOS;https://liveespochedu-my.sharepoint.com/:f:/g/personal/vinculacion_convenios_espoch_edu_ec/EtCQybPKj3RFovTOJYoz0IIB3EgeigSsAcJmCyomK6-EqA?e=9hYYFr
NACIONAL;242.CP.2021;“CONVENIO MARCO DE COOPERACIÓN INTERINSTITUCIONAL ENTRE LA AGENCIA NACIONAL DE REGULACIÓN CONTROL Y VIGILANCIA SANITARIA ARCSA – DR. LEOPOLDO IZQUIETA PÉREZ Y LA ESCUELA SUPERIOR POLITECNICA DE CHIMBORAZO;"22-07-2021


";5 AÑOS;https://liveespochedu-my.sharepoint.com/:f:/g/personal/vinculacion_convenios_espoch_edu_ec/EtCQybPKj3RFovTOJYoz0IIB3EgeigSsAcJmCyomK6-EqA?e=9hYYFr
NACIONAL;302.CP.2021;CONVENIO ESPECÍFICO DE COOPERACIÓN INTERINSTITUCIONAL PARA DESIGNAR EL PERSONAL ACADÉMICO QUE FORMARÁ PARTE DE LAS COMISIONES DE EVALUACIÓN DE LOS CONCURSOS DE MERECIMIENTOS Y OPOSICIÓN EN CALIDAD DE MIEMBROS EXTERNOS, ENTRE LA ESCUELA SUPERIOR POLITÉCNICA DE CHIMBORAZO Y LA UNIVERSIDAD DE INVESTIGACIÓN DE TECNOLOGÍA EXPERIMENTAL YACHAY;"08-06-2021


";5 AÑOS;https://liveespochedu-my.sharepoint.com/:f:/g/personal/vinculacion_convenios_espoch_edu_ec/EtCQybPKj3RFovTOJYoz0IIB3EgeigSsAcJmCyomK6-EqA?e=9hYYFr
NACIONAL;304.CP.2021;CONVENIO ESPECÍFICO ENTRE LA ESCUELA SUPERIOR POLITÉCNICA DE CHIMBORAZO Y LA ESCUELA SUPERIOR POLITÉCNICA DEL LITORAL;"01-07-2021


";5 AÑOS;https://liveespochedu-my.sharepoint.com/:f:/g/personal/vinculacion_convenios_espoch_edu_ec/EtCQybPKj3RFovTOJYoz0IIB3EgeigSsAcJmCyomK6-EqA?e=9hYYFr
NACIONAL;319.CP.2021;CONVENIO MARCO DE COOPERACIÓN INTERINSTITUCIONAL ENTRE LA ESCUELA POLITÉCNICA DE CHIMBORAZO ESPOCH Y LA ESCUELA POLITÉCNICA NACIONAL EPN;"16-06-2021

";5 AÑOS;https://liveespochedu-my.sharepoint.com/:f:/g/personal/vinculacion_convenios_espoch_edu_ec/EtCQybPKj3RFovTOJYoz0IIB3EgeigSsAcJmCyomK6-EqA?e=9hYYFr
NACIONAL;320.CP.2021;"CONVENIO MARCO DE COOPERACIÓN INTERINSTITUCIONAL ENTRE LA ESCUELA SUPERIOR POLITÉCNICA DE CHIMBORAZO Y EL GOBIERNO AUTÓNOMO DESCENTRALIZADO MUNICIPAL DEL CANTÓN SAN MIGUEL DE LOS BANCOS, PROVINCIA DE PICHINCHA
";"24-06-2021


";5 AÑOS;https://liveespochedu-my.sharepoint.com/:f:/g/personal/vinculacion_convenios_espoch_edu_ec/EtCQybPKj3RFovTOJYoz0IIB3EgeigSsAcJmCyomK6-EqA?e=9hYYFr
NACIONAL;577.CP.2021;"CONVENIO ESPECIFICO PARA LA REALIZACIÓN DE PRÁCTICAS PREPROFESIONALES ENTRE LA ESCUELA SUPERIOR POLITÉCNICA DE CHIMBORAZO Y HOTEL ORO VERDE MANTA


";"9-12-2021


";5 AÑOS;https://liveespochedu-my.sharepoint.com/:f:/g/personal/vinculacion_convenios_espoch_edu_ec/EtCQybPKj3RFovTOJYoz0IIB3EgeigSsAcJmCyomK6-EqA?e=9hYYFr
NACIONAL;624.CP.2021;CONVENIO MARCO DE COOPERACIÓN INTERINSTITUCIONAL ENTRE LA ESCUELA SUPERIOR POLITÉCNICA DE CHIMBORAZO “ESPOCH” Y EL GOBIERNO AUTÓNOMO DESCENTRALIZADO MUNICIPAL DEL CANTÓN PALLATANGA;"03-03-2022


";5 AÑOS;https://liveespochedu-my.sharepoint.com/:f:/g/personal/vinculacion_convenios_espoch_edu_ec/EtCQybPKj3RFovTOJYoz0IIB3EgeigSsAcJmCyomK6-EqA?e=9hYYFr
NACIONAL;646.CP.2021;CONVENIO MARCO DE COOPERACIÓN INTERINSTITUCIONAL ENTRE LA UNIVERSIDAD ESTATAL AMAZÓNICA Y LA ESCUELA SUPERIOR POLITÉCNICA DE CHIMBORAZO;"17-11-2022


";5 AÑOS;https://liveespochedu-my.sharepoint.com/:f:/g/personal/vinculacion_convenios_espoch_edu_ec/EtCQybPKj3RFovTOJYoz0IIB3EgeigSsAcJmCyomK6-EqA?e=9hYYFr
NACIONAL;665.CP.2021;CONVENIO MARCO DE COOPERACIÓN ENTRE PLAN INTERNATIONAL INC. PROGRAMA ECUADOR Y LA ESCUELA SUPERIOR POLITÉCNICA DE CHIMBORAZO;"11-02-2022

";5 AÑOS;https://liveespochedu-my.sharepoint.com/:f:/g/personal/vinculacion_convenios_espoch_edu_ec/EtCQybPKj3RFovTOJYoz0IIB3EgeigSsAcJmCyomK6-EqA?e=9hYYFr
NACIONAL;687.CP.2021;CONVENIO MARCO DE COOPERACIÓN ENTRE LA ESCUELA SUPERIOR POLITÉCNICA DE CHIMBORAZO “ESPOCH” Y LA ASOCIACIÓN DE FAMILIARES DE PERSONAS EXCEPCIONALES DE CHIMBORAZO “AFAPECH”;"26-07-2022
";4 AÑOS;https://liveespochedu-my.sharepoint.com/:f:/g/personal/vinculacion_convenios_espoch_edu_ec/EtCQybPKj3RFovTOJYoz0IIB3EgeigSsAcJmCyomK6-EqA?e=9hYYFr
NACIONAL;706.CP.2021;CONVENIO MARCO DE COOPERACION INTERINSTITUCIONAL ENTRE LA ESCUELA SUPERIOR POLITÉCNICA DE CHIMBORAZO Y EL GOBIERNO AUTÓNOMO DESCENTRALIZADO MUNICIPALIDAD DE AMBATO;"16/02/2022


";5 AÑOS;https://liveespochedu-my.sharepoint.com/:f:/g/personal/vinculacion_convenios_espoch_edu_ec/EtCQybPKj3RFovTOJYoz0IIB3EgeigSsAcJmCyomK6-EqA?e=9hYYFr
NACIONAL;722.CP.2021;CONVENIO MARCO DE COOPERACIÓN ENTRE LA ESCUELA SUPERIOR POLITÉCNICA DE CHIMBORAZO “ESPOCH” Y EL SEÑOR FRANCISCO BRAVO GUACHO;"2/02/2022
";10 AÑOS;https://liveespochedu-my.sharepoint.com/:f:/g/personal/vinculacion_convenios_espoch_edu_ec/EtCQybPKj3RFovTOJYoz0IIB3EgeigSsAcJmCyomK6-EqA?e=9hYYFr
NACIONAL;729.CP.2021;CONVENIO MARCO DE COOPERACIÓN INTERINSTITUCIONAL ENTRE LA ESCUELA SUPERIOR POLITÉCNICA DE CHIMBORAZO Y LA CONSTRUCTORA OVIEDO PALACIOS S.A.;"06/01/2022

";5 AÑOS;https://liveespochedu-my.sharepoint.com/:f:/g/personal/vinculacion_convenios_espoch_edu_ec/EtCQybPKj3RFovTOJYoz0IIB3EgeigSsAcJmCyomK6-EqA?e=9hYYFr
NACIONAL;407.CP.2020;"“CONVENIO MARCO DE COOPERACIÓN ENTRE LA ESCUELA SUPERIOR POLITÉCNICA DE CHIMBORAZO (ESPOCH) Y LA UNIDAD EDUCATIVA SAN JUAN”
";"08-10-2020






";10 AÑOS;https://liveespochedu-my.sharepoint.com/:f:/g/personal/vinculacion_convenios_espoch_edu_ec/EtCQybPKj3RFovTOJYoz0IIB3EgeigSsAcJmCyomK6-EqA?e=9hYYFr
NACIONAL;618.CP.2020;CONVENIO MARCO DE COOPERACIÓN ENTRE LA ESCUELA SUPERIOR POLITÉCNICA DE CHIMBORAZO “ESPOCH” Y EL GOBIERNO AUTÓNOMO DESCENTRALIZADO PARROQUIAL RURAL MATUS ;"13-10-2020


";10 AÑOS;https://liveespochedu-my.sharepoint.com/:f:/g/personal/vinculacion_convenios_espoch_edu_ec/EtCQybPKj3RFovTOJYoz0IIB3EgeigSsAcJmCyomK6-EqA?e=9hYYFr
INTERNACIONAL;705.CP.2020;"Acuerdo Interinstitucional 2021-2027 entre países asociados"" - Universidad de Transilvania de Brasov - ESPOCH.  
";"01-12-2020


";7 AÑOS;https://liveespochedu-my.sharepoint.com/:f:/g/personal/vinculacion_convenios_espoch_edu_ec/EtCQybPKj3RFovTOJYoz0IIB3EgeigSsAcJmCyomK6-EqA?e=9hYYFr
NACIONAL;742.CP.2020;CONVENIO MARCO DE COOPERACIÓN INTERINSTITUCIONAL ENTRE LA ESCUELA SUPERIOR POLITÉCNICA DE CHIMBORAZO Y LA UNIÓN NACIONAL DE ASOCIACIONES DE PEQUEÑOS PRODUCTORES AGROPECUARIOS CERTIFICADOS EN COMERCIO JUSTO DEL ECUADOR - CECJ”;"09-09-2021


";5 AÑOS;https://liveespochedu-my.sharepoint.com/:f:/g/personal/vinculacion_convenios_espoch_edu_ec/EtCQybPKj3RFovTOJYoz0IIB3EgeigSsAcJmCyomK6-EqA?e=9hYYFr
NACIONAL;754.CP.2020;"""CONVENIO MARCO DE COOPERACIÓN ENTRE LA ESCUELA SUPERIOR POLITÉCNICA DE CHIMBORAZO “ESPOCH” Y GAD PARROQUIAL DE SAN ISIDRO DE PATULÚ"" 
";"21-01-2021

";10 AÑOS;https://liveespochedu-my.sharepoint.com/:f:/g/personal/vinculacion_convenios_espoch_edu_ec/EtCQybPKj3RFovTOJYoz0IIB3EgeigSsAcJmCyomK6-EqA?e=9hYYFr
INTERNACIONAL;563.CP.2019;MEMORANDO DE ENTENDIMIENTO ENTRE LA ESCUELA SUPERIOR POLITÉCNICA DE CHIMBORAZO (ESPOCH) (RIOBAMBA – ECUADOR) Y LA UNIVERSIDAD LAKEHEAD (ONTARIO, CANADA).;"29-10-2019

";"2019

VIGENCIA
INDEFINIDA HASTA QUE ALGUNA DE LAS PARTES NOTIFIQUEN SU  DESEO DE RESCINDIRLO";https://liveespochedu-my.sharepoint.com/:f:/g/personal/vinculacion_convenios_espoch_edu_ec/EtCQybPKj3RFovTOJYoz0IIB3EgeigSsAcJmCyomK6-EqA?e=9hYYFr
NACIONAL;622.CP.2019;CONVENIO MARCO DE COOPERACIÓN INTERINSTITUCIONAL ENTRE EL INSTITUTO NACIONAL DE METEROLOGÍA E HIDROLOGÍA Y LA ESCUELA SUPERIOR POLITÉCNICA DE CHIMBORAZO;"19-12-2019






";10 AÑOS;https://liveespochedu-my.sharepoint.com/:f:/g/personal/vinculacion_convenios_espoch_edu_ec/EtCQybPKj3RFovTOJYoz0IIB3EgeigSsAcJmCyomK6-EqA?e=9hYYFr
INTERNACIONAL;175.CP.2018;"CONVENIO MARCO DE COOPERACIÓN ENTRE LA ESCUELA SUPERIOR POLITÉCNICA DE CHIMBORAZO (ECUADOR) Y LA ""UNIVERSIDAD MIGUEL HERNÁNDEZ DE ELCHE (ESPÁÑA)";"14-06-2018



";"8 AÑOS 

";https://liveespochedu-my.sharepoint.com/:f:/g/personal/vinculacion_convenios_espoch_edu_ec/EtCQybPKj3RFovTOJYoz0IIB3EgeigSsAcJmCyomK6-EqA?e=9hYYFr
